naive-break_skip-1;0;0;0
naive-break_skip-2;0;0;0
naive-break_skip-3;0;0;0
naive-break_skip-4;0;0;0
naive-break_skip-5;0;0;0
naive-break_skip-6;0;0;0
naive-break_skip-7;0;0;0
naive-break_skip-8;0;0;0
naive-break_skip-9;99;0;6,7
naive-break_skip-10;0;0;0
naive-break_skip-11;0;0;0
naive-break_skip-12;0;0;0
naive-break_skip-13;0;0;0
naive-break_skip-14;99;0;3,45999999999999
naive-break_skip-15;0;0;0
naive-break_skip-16;0;0;0
naive-break_skip-17;0;0;0
naive-break_skip-18;99;0;2,25
naive-break_skip-19;0;0;0
naive-break_skip-20;0;0;0
naive-break_skip-21;99;0;3,69
naive-break_skip-22;0;0;0
naive-break_skip-23;39;0;3,69
naive-break_skip-24;0;0;0
naive-break_skip-25;0;0;0
naive-break_skip-26;0;0;0
naive-break_skip-27;99;0;12,4
naive-break_skip-28;99;0;12,4
naive-break_skip-29;0;0;0
naive-break_skip-30;0;0;0
naive-break_skip-31;30;0;7,38
naive-break_skip-32;6;0;3,69
naive-break_skip-33;0;0;0
naive-break_skip-34;12;0;3,69
naive-break_skip-35;0;0;0
naive-break_skip-36;41;0;3,69
naive-break_skip-37;99;0;20,67
naive-break_skip-38;51;0;50,4
naive-break_skip-39;0;0;0
naive-break_skip-40;47;0;30,33
naive-break_skip-41;38;0;18,45
naive-break_skip-42;39;1;94,23
naive-break_skip-43;54;1;66,49
naive-break_skip-44;99;0;50,59
naive-break_skip-45;49;0;14,76
naive-break_skip-46;52;0;50,4
naive-break_skip-47;62;2;116,15
naive-break_skip-48;43;2;114,01
naive-break_skip-49;39;0;31,14
naive-break_skip-50;51;1;79,18
naive-break_skip-51;55;2;120,36
naive-break_skip-52;49;1;112,46
naive-break_skip-53;48;1;70,47
naive-break_skip-54;59;1;91,58
naive-break_skip-55;47;0;34,02
naive-break_skip-56;50;2;148,62
naive-break_skip-57;60;1;87,08
naive-break_skip-58;50;1;74,68
naive-break_skip-59;54;1;95,04
naive-break_skip-60;58;1;83,16
naive-break_skip-61;52;4;298,09
naive-break_skip-62;52;4;257,62
naive-break_skip-63;56;3;215,02
naive-break_skip-64;59;1;119,84
naive-break_skip-65;50;2;124,63
naive-break_skip-66;99;2;132,23
naive-break_skip-67;64;3;211,04
naive-break_skip-68;99;2;135,92
naive-break_skip-69;56;2;149,66
naive-break_skip-70;63;3;199,85
naive-break_skip-71;99;7;413,94
naive-break_skip-72;60;4;256,62
naive-break_skip-73;58;3;174,55
naive-break_skip-74;99;8;616,4
naive-break_skip-75;67;4;228,86
naive-break_skip-76;59;3;199,58
naive-break_skip-77;61;4;245,26
naive-break_skip-78;60;4;282,76
naive-break_skip-79;62;4;228,26
naive-break_skip-80;99;5;382,24
naive-break_skip-81;61;6;331,35
naive-break_skip-82;60;7;454,16
naive-break_skip-83;68;6;452,27
naive-break_skip-84;63;7;481,06
naive-break_skip-85;62;7;414,29
naive-break_skip-86;73;6;383,56
naive-break_skip-87;64;3;194,85
naive-break_skip-88;66;5;291,76
naive-break_skip-89;68;11;791,349999999999
naive-break_skip-90;62;7;394,98
naive-break_skip-91;71;13;984,859999999999
naive-break_skip-92;68;12;830,059999999999
naive-break_skip-93;66;11;678,15
naive-break_skip-94;70;6;379,76
naive-break_skip-95;70;8;489,05
naive-break_skip-96;68;10;740,85
naive-break_skip-97;64;8;619,16
naive-break_skip-98;99;5;286
naive-break_skip-99;99;8;535,17
naive-break_skip-100;66;7;526,56
naive-break_skip-101;99;6;360,6
naive-break_skip-102;67;7;394,4
naive-break_skip-103;70;6;362,14
naive-break_skip-104;69;6;371,74
naive-break_skip-105;99;6;337,66
naive-break_skip-106;72;7;387,44
naive-break_skip-107;64;6;364,17
naive-break_skip-108;99;7;416,51
naive-break_skip-109;66;6;363,04
naive-break_skip-110;71;7;405,46
naive-break_skip-111;54;8;586,099999999999
naive-break_skip-112;59;3;194,15
naive-break_skip-113;73;5;358,41
naive-break_skip-114;54;4;308,4
naive-break_skip-115;72;3;174,76
naive-break_skip-116;57;3;196,47
naive-break_skip-117;62;8;551,879999999999
naive-break_skip-118;70;5;338,94
naive-break_skip-119;73;0;26,3
naive-break_skip-120;57;2;161,91
naive-break_skip-121;64;0;7,34
naive-break_skip-122;0;0;0
naive-break_skip-123;0;0;0
naive-break_skip-124;0;0;0
naive-break_skip-125;0;0;0
naive-break_skip-126;0;0;0
naive-break_skip-127;2;0;2,25
naive-break_skip-128;0;0;0
naive-break_skip-129;65;0;8,66
naive-break_skip-130;0;0;0
naive-break_skip-131;0;0;0
naive-break_skip-132;0;0;0
naive-break_skip-133;0;0;0
naive-break_skip-134;0;0;0
naive-break_skip-135;0;0;0
naive-break_skip-136;0;0;0
naive-break_skip-137;0;0;0
naive-break_skip-138;0;0;0
naive-break_skip-139;0;0;0
naive-break_skip-140;44;0;7,38
naive-break_skip-141;16;0;3,69
naive-break_skip-142;41;0;7,38
naive-break_skip-143;0;0;0
naive-break_skip-144;0;0;0
naive-break_skip-145;0;0;0
naive-break_skip-146;0;0;0
naive-break_skip-147;0;0;0
naive-break_skip-148;0;0;0
naive-break_skip-149;0;0;0
naive-break_skip-150;0;0;0
naive-break_skip-151;0;0;0
naive-break_skip-152;45;1;75,78
naive-break_skip-153;0;0;0
naive-break_skip-154;47;0;22,95
naive-break_skip-155;0;0;0
naive-break_skip-156;51;1;100,06
naive-break_skip-157;0;0;0
naive-break_skip-158;37;0;34,83
naive-break_skip-159;32;0;18,45
naive-break_skip-160;55;3;168,08
naive-break_skip-161;56;1;104,27
naive-break_skip-162;0;0;0
naive-break_skip-163;40;0;27,45
naive-break_skip-164;61;5;294,34
naive-break_skip-165;54;2;133,57
naive-break_skip-166;49;1;87,66
naive-break_skip-167;39;0;11,07
naive-break_skip-168;0;0;0
naive-break_skip-169;65;1;60,73
naive-break_skip-170;18;0;47,52
naive-break_skip-171;69;2;137,87
naive-break_skip-172;44;2;115,92
naive-break_skip-173;50;3;182,07
naive-break_skip-174;58;1;80,51
naive-break_skip-175;62;3;169,01
naive-break_skip-176;0;0;0
naive-break_skip-177;49;1;63,09
naive-break_skip-178;51;3;166,26
naive-break_skip-179;30;1;78,37
naive-break_skip-180;54;4;238,19
naive-break_skip-181;65;3;198,02
naive-break_skip-182;60;2;154,9
naive-break_skip-183;62;3;217,96
naive-break_skip-184;56;3;244,88
naive-break_skip-185;64;3;214,82
naive-break_skip-186;99;4;260,85
naive-break_skip-187;64;5;282,17
naive-break_skip-188;68;6;386,78
naive-break_skip-189;67;4;253,61
naive-break_skip-190;56;5;319,56
naive-break_skip-191;63;6;336,77
naive-break_skip-192;63;7;392,27
naive-break_skip-193;69;2;115,86
naive-break_skip-194;51;3;232,11
naive-break_skip-195;54;5;364,07
naive-break_skip-196;67;4;267,49
naive-break_skip-197;68;4;332,35
naive-break_skip-198;99;6;347,56
naive-break_skip-199;58;6;378,3
naive-break_skip-200;74;6;377,84
naive-break_skip-201;67;9;545,52
naive-break_skip-202;71;5;309,3
naive-break_skip-203;65;4;314,31
naive-break_skip-204;65;6;388,46
naive-break_skip-205;77;5;333,34
naive-break_skip-206;99;6;345,2
naive-break_skip-207;58;8;470,1
naive-break_skip-208;58;4;229,48
naive-break_skip-209;68;4;234,4
naive-break_skip-210;66;5;294,24
naive-break_skip-211;72;6;337,19
naive-break_skip-212;73;5;281,63
naive-break_skip-213;64;5;305,26
naive-break_skip-214;70;5;326,18
naive-break_skip-215;63;5;278,54
naive-break_skip-216;64;3;194,43
naive-break_skip-217;74;6;362,83
naive-break_skip-218;60;4;254,39
naive-break_skip-219;77;7;414,26
naive-break_skip-220;67;5;277,73
naive-break_skip-221;63;5;342,25
naive-break_skip-222;60;3;187,91
naive-break_skip-223;83;14;1018,15
naive-break_skip-224;54;3;178,92
naive-break_skip-225;49;6;374,759999999999
naive-break_skip-226;69;10;659,489999999999
naive-break_skip-227;79;2;146,23
naive-break_skip-228;69;6;411,819999999999
naive-break_skip-229;59;4;302,01
naive-break_skip-230;77;6;418,889999999999
naive-break_skip-231;0;0;0
naive-break_skip-232;86;1;68,02
naive-break_skip-233;49;0;2,31
naive-break_skip-234;2;0;7,34
naive-break_skip-235;77;0;54,31
naive-break_skip-236;35;0;27,15
naive-break_skip-237;0;0;0
naive-break_skip-238;38;3;195,25
naive-break_skip-239;0;0;0
naive-break_skip-240;0;0;0
naive-break_skip-241;0;0;0
naive-break_skip-242;0;0;0
naive-break_skip-243;27;0;9,65000000000001
naive-break_skip-244;64;0;2,95
naive-break_skip-245;84;0;8,64
naive-break_skip-246;2;0;10,29
naive-break_skip-247;20;0;6,39
naive-break_skip-248;0;0;0
naive-break_skip-249;46;0;2,84
naive-break_skip-250;0;0;0
naive-break_skip-251;0;0;0
naive-break_skip-252;0;0;0
naive-break_skip-253;0;0;0
naive-break_skip-254;0;0;0
naive-break_skip-255;0;0;0
naive-break_skip-256;14;0;3,69
naive-break_skip-257;44;0;7,38
naive-break_skip-258;0;0;0
naive-break_skip-259;9;0;3,69
naive-break_skip-260;0;0;0
naive-break_skip-261;46;0;11,07
naive-break_skip-262;0;0;0
naive-break_skip-263;0;0;0
naive-break_skip-264;50;0;7,38
naive-break_skip-265;50;1;75,49
naive-break_skip-266;0;0;0
naive-break_skip-267;39;0;15,57
naive-break_skip-268;36;0;3,69
naive-break_skip-269;0;0;0
naive-break_skip-270;0;0;0
naive-break_skip-271;51;0;38,52
naive-break_skip-272;26;0;31,14
naive-break_skip-273;38;0;34,02
naive-break_skip-274;43;0;3,69
naive-break_skip-275;54;0;38,52
naive-break_skip-276;0;0;0
naive-break_skip-277;23;0;7,38
naive-break_skip-278;0;0;0
naive-break_skip-279;50;1;70,7
naive-break_skip-280;8;0;24,57
naive-break_skip-281;47;0;11,88
naive-break_skip-282;52;0;34,83
naive-break_skip-283;71;0;30,33
naive-break_skip-284;45;0;18,45
naive-break_skip-285;0;0;0
naive-break_skip-286;60;0;39,33
naive-break_skip-287;58;1;87,79
naive-break_skip-288;45;0;43,02
naive-break_skip-289;69;2;119,97
naive-break_skip-290;43;1;58,3
naive-break_skip-291;47;1;89,86
naive-break_skip-292;47;2;144,75
naive-break_skip-293;52;1;75,91
naive-break_skip-294;70;1;61,47
naive-break_skip-295;40;0;32,37
naive-break_skip-296;19;0;11,88
naive-break_skip-297;99;1;103,98
naive-break_skip-298;71;2;148,94
naive-break_skip-299;64;5;286,15
naive-break_skip-300;53;4;245,86
naive-break_skip-301;57;3;173,61
naive-break_skip-302;71;3;193,38
naive-break_skip-303;67;6;363,64
naive-break_skip-304;52;5;331,18
naive-break_skip-305;55;3;201,93
naive-break_skip-306;54;1;81,25
naive-break_skip-307;69;2;170,02
naive-break_skip-308;57;2;150,7
naive-break_skip-309;69;4;291,89
naive-break_skip-310;69;4;247,83
naive-break_skip-311;61;2;148,46
naive-break_skip-312;70;4;250,9
naive-break_skip-313;67;13;957,379999999999
naive-break_skip-314;70;6;367,49
naive-break_skip-315;75;7;514,26
naive-break_skip-316;66;8;586,439999999999
naive-break_skip-317;68;6;345,94
naive-break_skip-318;51;2;191,76
naive-break_skip-319;63;8;576,939999999999
naive-break_skip-320;79;12;723,16
naive-break_skip-321;64;5;277,9
naive-break_skip-322;81;5;303,12
naive-break_skip-323;63;3;192,27
naive-break_skip-324;64;3;194,64
naive-break_skip-325;63;3;195,74
naive-break_skip-326;65;4;250,59
naive-break_skip-327;68;4;261,85
naive-break_skip-328;63;4;226,12
naive-break_skip-329;66;1;95,69
naive-break_skip-330;61;3;169,42
naive-break_skip-331;71;11;834,170000000001
naive-break_skip-332;83;10;679,109999999999
naive-break_skip-333;89;12;875,060000000001
naive-break_skip-334;76;15;1069,93
naive-break_skip-335;78;14;1018,19
naive-break_skip-336;65;11;774,780000000001
naive-break_skip-337;89;10;721,829999999999
naive-break_skip-338;57;5;334,66
naive-break_skip-339;62;11;819,230000000001
naive-break_skip-340;76;13;939,990000000001
naive-break_skip-341;61;3;228,83
naive-break_skip-342;62;5;313,97
naive-break_skip-343;55;2;131,05
naive-break_skip-344;51;1;109,29
naive-break_skip-345;0;0;0
naive-break_skip-346;55;1;60,59
naive-break_skip-347;71;1;91,33
naive-break_skip-348;4;0;2,95
naive-break_skip-349;75;6;436,67
naive-break_skip-350;56;5;328,26
naive-break_skip-351;0;0;0
naive-break_skip-352;0;0;0
naive-break_skip-353;59;0;16,82
naive-break_skip-354;0;0;0
naive-break_skip-355;0;0;0
naive-break_skip-356;0;0;0
naive-break_skip-357;76;0;8,89
naive-break_skip-358;0;0;0
naive-break_skip-359;54;1;88,13
naive-break_skip-360;56;1;67,02
naive-break_skip-361;0;0;0
naive-break_skip-362;0;0;0
naive-break_skip-363;0;0;0
naive-break_skip-364;0;0;0
naive-break_skip-365;0;0;0
naive-break_skip-366;0;0;0
naive-break_skip-367;0;0;0
naive-break_skip-368;0;0;0
naive-break_skip-369;0;0;0
naive-break_skip-370;0;0;0
naive-break_skip-371;0;0;0
naive-break_skip-372;0;0;0
naive-break_skip-373;0;0;0
naive-break_skip-374;0;0;0
naive-break_skip-375;0;0;0
naive-break_skip-376;0;0;0
naive-break_skip-377;0;0;0
naive-break_skip-378;0;0;0
naive-break_skip-379;0;0;0
naive-break_skip-380;0;0;0
naive-break_skip-381;29;0;7,38
naive-break_skip-382;0;0;0
naive-break_skip-383;57;0;14,76
naive-break_skip-384;47;0;7,38
naive-break_skip-385;0;0;0
naive-break_skip-386;46;0;7,38
naive-break_skip-387;53;0;20,07
naive-break_skip-388;49;0;34,83
naive-break_skip-389;45;0;7,38
naive-break_skip-390;0;0;0
naive-break_skip-391;0;0;0
naive-break_skip-392;0;0;0
naive-break_skip-393;0;0;0
naive-break_skip-394;49;0;23,76
naive-break_skip-395;0;0;0
naive-break_skip-396;0;0;0
naive-break_skip-397;63;0;3,69
naive-break_skip-398;54;0;20,07
naive-break_skip-399;3;0;14,76
naive-break_skip-400;49;1;68,85
naive-break_skip-401;46;0;15,57
naive-break_skip-402;72;3;217,77
naive-break_skip-403;65;1;85,46
naive-break_skip-404;66;1;63,09
naive-break_skip-405;58;2;112,17
naive-break_skip-406;78;1;94,75
naive-break_skip-407;58;2;136,22
naive-break_skip-408;56;1;68,85
naive-break_skip-409;49;3;175,25
naive-break_skip-410;62;0;36,9
naive-break_skip-411;50;0;42,73
naive-break_skip-412;55;3;183,15
naive-break_skip-413;46;1;76,75
naive-break_skip-414;99;3;177,17
naive-break_skip-415;51;3;192,82
naive-break_skip-416;56;4;252,69
naive-break_skip-417;68;1;61,99
naive-break_skip-418;57;0;11,88
naive-break_skip-419;53;2;166,42
naive-break_skip-420;70;4;255,72
naive-break_skip-421;65;2;122,75
naive-break_skip-422;69;6;392,17
naive-break_skip-423;63;4;285,18
naive-break_skip-424;76;10;630,659999999999
naive-break_skip-425;56;3;183,63
naive-break_skip-426;64;2;117,9
naive-break_skip-427;58;2;137,06
naive-break_skip-428;61;9;672,159999999999
naive-break_skip-429;63;5;347,82
naive-break_skip-430;60;5;310,56
naive-break_skip-431;59;4;228,42
naive-break_skip-432;78;3;196,08
naive-break_skip-433;65;2;143,94
naive-break_skip-434;50;1;63,93
naive-break_skip-435;99;2;150,03
naive-break_skip-436;62;3;188,63
naive-break_skip-437;51;0;42,73
naive-break_skip-438;79;2;158,66
naive-break_skip-439;58;2;118
naive-break_skip-440;65;3;180,52
naive-break_skip-441;63;11;805,190000000001
naive-break_skip-442;72;13;919,200000000001
naive-break_skip-443;72;10;672,449999999999
naive-break_skip-444;67;8;528,3
naive-break_skip-445;70;9;600,869999999999
naive-break_skip-446;76;8;554,47
naive-break_skip-447;68;9;597,329999999999
naive-break_skip-448;79;13;914,460000000001
naive-break_skip-449;78;12;886,480000000001
naive-break_skip-450;68;8;568,569999999999
naive-break_skip-451;59;2;139,35
naive-break_skip-452;74;3;187,24
naive-break_skip-453;59;2;123,01
naive-break_skip-454;64;3;179,49
naive-break_skip-455;62;1;103,93
naive-break_skip-456;43;1;108,12
naive-break_skip-457;57;3;187
naive-break_skip-458;79;0;24,54
naive-break_skip-459;51;1;67,57
naive-break_skip-460;74;3;202,37
naive-break_skip-461;50;0;21,73
naive-break_skip-462;9;0;4,31
naive-break_skip-463;69;0;51,12
naive-break_skip-464;0;0;0
naive-break_skip-465;0;0;0
naive-break_skip-466;64;1;101,81
naive-break_skip-467;56;0;15,65
naive-break_skip-468;39;1;96,72
naive-break_skip-469;51;1;79,03
naive-break_skip-470;0;0;0
naive-break_skip-471;31;0;2,95
naive-break_skip-472;0;0;0
naive-break_skip-473;0;0;0
naive-break_skip-474;37;0;2,95
naive-break_skip-475;0;0;0
naive-break_skip-476;0;0;0
naive-break_skip-477;0;0;0
naive-break_skip-478;0;0;0
naive-break_skip-479;53;0;10,1
naive-break_skip-480;41;0;6,62
naive-break_skip-481;12;0;14,76
naive-break_skip-482;0;0;0
naive-break_skip-483;0;0;2,31
naive-break_skip-484;0;0;0
naive-break_skip-485;0;0;0
naive-break_skip-486;0;0;0
naive-break_skip-487;0;0;0
naive-break_skip-488;0;0;0
naive-break_skip-489;0;0;0
naive-break_skip-490;0;0;0
naive-break_skip-491;0;0;0
naive-break_skip-492;0;0;0
naive-break_skip-493;0;0;0
naive-break_skip-494;57;0;3,69
naive-break_skip-495;0;0;0
naive-break_skip-496;43;0;7,38
naive-break_skip-497;0;0;0
naive-break_skip-498;0;0;0
naive-break_skip-499;0;0;0
naive-break_skip-500;51;0;3,69
naive-break_skip-501;87;1;71,8
naive-break_skip-502;0;0;0
naive-break_skip-503;54;0;19,26
naive-break_skip-504;52;2;143,41
naive-break_skip-505;0;0;0
naive-break_skip-506;51;0;3,69
naive-break_skip-507;0;0;0
naive-break_skip-508;0;0;0
naive-break_skip-509;0;0;0
naive-break_skip-510;36;1;56,65
naive-break_skip-511;50;1;84,62
naive-break_skip-512;1;0;3,69
naive-break_skip-513;0;0;0
naive-break_skip-514;99;0;11,07
naive-break_skip-515;38;0;11,88
naive-break_skip-516;82;1;108,28
naive-break_skip-517;0;0;0
naive-break_skip-518;35;0;11,07
naive-break_skip-519;47;0;7,38
naive-break_skip-520;50;1;64,35
naive-break_skip-521;40;0;11,88
naive-break_skip-522;45;0;19,26
naive-break_skip-523;0;0;0
naive-break_skip-524;72;1;88,63
naive-break_skip-525;69;1;84,13
naive-break_skip-526;40;0;23,76
naive-break_skip-527;80;2;112,88
naive-break_skip-528;0;0;0
naive-break_skip-529;37;0;56,16
naive-break_skip-530;38;1;68,04
naive-break_skip-531;74;5;308,62
naive-break_skip-532;58;5;316,67
naive-break_skip-533;52;6;442,26
naive-break_skip-534;71;1;93,87
naive-break_skip-535;68;4;262,99
naive-break_skip-536;42;2;119
naive-break_skip-537;85;2;134,63
naive-break_skip-538;64;6;393,38
naive-break_skip-539;69;4;234,02
naive-break_skip-540;76;5;385,64
naive-break_skip-541;77;3;208,27
naive-break_skip-542;66;3;174,48
naive-break_skip-543;72;2;124,77
naive-break_skip-544;71;3;168,63
naive-break_skip-545;57;1;103,14
naive-break_skip-546;58;1;65,64
naive-break_skip-547;55;1;76,32
naive-break_skip-548;68;3;185,14
naive-break_skip-549;74;4;259,34
naive-break_skip-550;77;6;357,89
naive-break_skip-551;72;15;1141,44
naive-break_skip-552;81;13;927,390000000001
naive-break_skip-553;76;13;943,490000000001
naive-break_skip-554;77;12;856,700000000001
naive-break_skip-555;72;13;936,280000000001
naive-break_skip-556;81;13;920,120000000001
naive-break_skip-557;80;13;914,540000000001
naive-break_skip-558;99;11;774,050000000001
naive-break_skip-559;76;12;904,260000000001
naive-break_skip-560;73;13;937,730000000001
naive-break_skip-561;63;4;257,1
naive-break_skip-562;72;2;133,2
naive-break_skip-563;60;3;222,86
naive-break_skip-564;50;1;74,45
naive-break_skip-565;61;3;184,83
naive-break_skip-566;71;7;426,47
naive-break_skip-567;45;4;276,27
naive-break_skip-568;65;8;523,209999999999
naive-break_skip-569;68;6;397,67
naive-break_skip-570;54;0;24,34
naive-break_skip-571;38;0;10,7
naive-break_skip-572;50;0;35,23
naive-break_skip-573;69;2;124,31
naive-break_skip-574;43;1;81,06
naive-break_skip-575;45;1;87,76
naive-break_skip-576;57;1;113,67
naive-break_skip-577;44;0;9,65000000000001
naive-break_skip-578;66;5;290,67
naive-break_skip-579;64;1;86,6
naive-break_skip-580;0;0;0
naive-break_skip-581;35;0;16,99
naive-break_skip-582;38;0;4
naive-break_skip-583;0;0;0
naive-break_skip-584;4;0;5,90000000000001
naive-break_skip-585;38;0;10,7
naive-break_skip-586;31;0;22,23
naive-break_skip-587;30;0;6,64
naive-break_skip-588;46;0;2,31
naive-break_skip-589;55;1;94,61
naive-break_skip-590;42;0;55,26
naive-break_skip-591;0;0;0
naive-break_skip-592;0;0;0
naive-break_skip-593;0;0;0
naive-break_skip-594;0;0;0
naive-break_skip-595;0;0;0
naive-break_skip-596;0;0;0
naive-break_skip-597;0;0;0
naive-break_skip-598;5;0;2,25
naive-break_skip-599;99;0;3,69
naive-break_skip-600;0;0;0
naive-break_skip-601;0;0;0
naive-break_skip-602;0;0;0
naive-break_skip-603;0;0;0
naive-break_skip-604;0;0;0
naive-break_skip-605;0;0;0
naive-break_skip-606;0;0;0
naive-break_skip-607;0;0;0
naive-break_skip-608;0;0;0
naive-break_skip-609;0;0;0
naive-break_skip-610;0;0;0
naive-break_skip-611;0;0;0
naive-break_skip-612;0;0;0
naive-break_skip-613;0;0;0
naive-break_skip-614;0;0;0
naive-break_skip-615;0;0;0
naive-break_skip-616;0;0;0
naive-break_skip-617;0;0;0
naive-break_skip-618;0;0;0
naive-break_skip-619;0;0;0
naive-break_skip-620;0;0;0
naive-break_skip-621;66;1;61,02
naive-break_skip-622;0;0;0
naive-break_skip-623;0;0;0
naive-break_skip-624;54;0;11,88
naive-break_skip-625;38;0;11,88
naive-break_skip-626;0;0;0
naive-break_skip-627;24;0;8,19
naive-break_skip-628;37;0;16,38
naive-break_skip-629;57;3;194,26
naive-break_skip-630;0;0;0
naive-break_skip-631;0;0;0
naive-break_skip-632;43;0;27,97
naive-break_skip-633;78;2;147,18
naive-break_skip-634;59;2;154,84
naive-break_skip-635;42;0;3,69
naive-break_skip-636;66;1;68,43
naive-break_skip-637;0;0;0
naive-break_skip-638;0;0;0
naive-break_skip-639;0;0;0
naive-break_skip-640;55;2;133,47
naive-break_skip-641;89;3;205,14
naive-break_skip-642;99;7;423,42
naive-break_skip-643;0;0;0
naive-break_skip-644;59;0;23,76
naive-break_skip-645;0;0;0
naive-break_skip-646;63;1;83,32
naive-break_skip-647;54;0;56,16
naive-break_skip-648;63;1;94,46
naive-break_skip-649;62;0;50,82
naive-break_skip-650;48;0;36,06
naive-break_skip-651;74;2;151,01
naive-break_skip-652;54;1;65,58
naive-break_skip-653;44;0;45,16
naive-break_skip-654;64;3;197,99
naive-break_skip-655;51;0;45,61
naive-break_skip-656;63;1;100,58
naive-break_skip-657;58;1;66,49
naive-break_skip-658;36;0;3,69
naive-break_skip-659;53;1;71,31
naive-break_skip-660;53;0;15,57
naive-break_skip-661;69;11;813,220000000001
naive-break_skip-662;79;12;852,220000000001
naive-break_skip-663;70;14;1057,28
naive-break_skip-664;76;10;685,089999999999
naive-break_skip-665;66;11;826,940000000001
naive-break_skip-666;78;13;928,600000000001
naive-break_skip-667;73;12;841,760000000001
naive-break_skip-668;72;12;894,180000000001
naive-break_skip-669;79;12;854,260000000001
naive-break_skip-670;77;13;946,240000000001
naive-break_skip-671;69;4;255,27
naive-break_skip-672;73;7;393,65
naive-break_skip-673;70;5;280,3
naive-break_skip-674;60;6;403,81
naive-break_skip-675;65;6;391,61
naive-break_skip-676;75;3;189,52
naive-break_skip-677;77;7;434,81
naive-break_skip-678;69;3;201,97
naive-break_skip-679;60;5;392,76
naive-break_skip-680;65;8;509,86
naive-break_skip-681;61;1;57,91
naive-break_skip-682;50;0;51,53
naive-break_skip-683;54;1;76,93
naive-break_skip-684;73;1;99,15
naive-break_skip-685;76;3;260,93
naive-break_skip-686;41;0;50,39
naive-break_skip-687;61;2;129,6
naive-break_skip-688;49;1;91,59
naive-break_skip-689;46;0;13,65
naive-break_skip-690;61;2;148,29
naive-break_skip-691;20;0;19,46
naive-break_skip-692;53;0;16,78
naive-break_skip-693;43;1;109,95
naive-break_skip-694;0;0;0
naive-break_skip-695;0;0;0
naive-break_skip-696;44;0;9,01000000000001
naive-break_skip-697;0;0;0
naive-break_skip-698;0;0;0
naive-break_skip-699;47;1;67,46
naive-break_skip-700;43;0;5,26000000000001
naive-break_skip-701;0;0;0
naive-break_skip-702;0;0;0
naive-break_skip-703;0;0;0
naive-break_skip-704;0;0;0
naive-break_skip-705;0;0;0
naive-break_skip-706;6;0;2,95
naive-break_skip-707;0;0;0
naive-break_skip-708;0;0;0
naive-break_skip-709;0;0;0
naive-break_skip-710;0;0;0
naive-break_skip-711;29;0;32,27
naive-break_skip-712;39;0;3,69
naive-break_skip-713;0;0;0
naive-break_skip-714;0;0;0
naive-break_skip-715;3;0;4,31
naive-break_skip-716;0;0;0
naive-break_skip-717;0;0;0
naive-break_skip-718;0;0;0
naive-break_skip-719;0;0;0
naive-break_skip-720;0;0;0
naive-break_skip-721;0;0;0
naive-break_skip-722;0;0;0
naive-break_skip-723;99;0;3,69
naive-break_skip-724;0;0;0
naive-break_skip-725;0;0;0
naive-break_skip-726;35;0;3,69
naive-break_skip-727;0;0;0
naive-break_skip-728;0;0;0
naive-break_skip-729;0;0;0
naive-break_skip-730;0;0;0
naive-break_skip-731;29;0;3,69
naive-break_skip-732;0;0;0
naive-break_skip-733;0;0;0
naive-break_skip-734;23;0;8,19
naive-break_skip-735;0;0;0
naive-break_skip-736;0;0;0
naive-break_skip-737;0;0;0
naive-break_skip-738;0;0;0
naive-break_skip-739;0;0;0
naive-break_skip-740;0;0;0
naive-break_skip-741;0;0;0
naive-break_skip-742;0;0;0
naive-break_skip-743;0;0;0
naive-break_skip-744;24;0;37,71
naive-break_skip-745;42;0;24,18
naive-break_skip-746;0;0;0
naive-break_skip-747;0;0;0
naive-break_skip-748;0;0;0
naive-break_skip-749;58;0;11,88
naive-break_skip-750;0;0;0
naive-break_skip-751;71;1;96,27
naive-break_skip-752;75;3;177,88
naive-break_skip-753;99;4;254,4
naive-break_skip-754;50;4;228,64
naive-break_skip-755;8;0;3,69
naive-break_skip-756;59;2;157,41
naive-break_skip-757;35;0;8,19
naive-break_skip-758;58;1;66,79
naive-break_skip-759;56;0;28,49
naive-break_skip-760;86;0;8,19
naive-break_skip-761;62;2;116,89
naive-break_skip-762;83;3;213,7
naive-break_skip-763;0;0;0
naive-break_skip-764;36;0;3,69
naive-break_skip-765;88;2;122,64
naive-break_skip-766;76;1;96,01
naive-break_skip-767;76;1;68,34
naive-break_skip-768;55;0;29,2
naive-break_skip-769;70;3;195,54
naive-break_skip-770;44;0;3,69
naive-break_skip-771;80;15;1133,32
naive-break_skip-772;78;15;1131,35
naive-break_skip-773;76;13;936,010000000001
naive-break_skip-774;82;16;1244,35
naive-break_skip-775;73;13;934,200000000001
naive-break_skip-776;69;14;1062,66
naive-break_skip-777;74;15;1160,81
naive-break_skip-778;71;12;900,240000000001
naive-break_skip-779;78;15;1172,11
naive-break_skip-780;71;12;851,270000000001
naive-break_skip-781;68;7;508,54
naive-break_skip-782;72;4;267,92
naive-break_skip-783;74;3;167,89
naive-break_skip-784;67;9;550,839999999999
naive-break_skip-785;70;3;212,97
naive-break_skip-786;80;7;511,06
naive-break_skip-787;63;2;138,5
naive-break_skip-788;71;4;232,14
naive-break_skip-789;75;8;449,83
naive-break_skip-790;73;6;375,6
naive-break_skip-791;44;0;29,09
naive-break_skip-792;55;2;161,82
naive-break_skip-793;50;0;29,04
naive-break_skip-794;60;3;185,75
naive-break_skip-795;41;0;6,62
naive-break_skip-796;72;1;93,6
naive-break_skip-797;61;2;164,93
naive-break_skip-798;70;2;154,19
naive-break_skip-799;52;1;64,96
naive-break_skip-800;53;1;92
naive-break_skip-801;53;1;57,24
naive-break_skip-802;44;1;61,98
naive-break_skip-803;42;0;8,7
naive-break_skip-804;39;1;57,62
naive-break_skip-805;44;0;22,23
naive-break_skip-806;63;1;77,73
naive-break_skip-807;60;1;93,19
naive-break_skip-808;68;0;9,65000000000001
naive-break_skip-809;31;0;49,74
naive-break_skip-810;52;1;57,46
naive-break_skip-811;31;0;11,65
naive-break_skip-812;25;0;53,12
naive-break_skip-813;0;0;0
naive-break_skip-814;0;0;0
naive-break_skip-815;42;0;19,5
naive-break_skip-816;0;0;0
naive-break_skip-817;0;0;0
naive-break_skip-818;1;0;2,31
naive-break_skip-819;0;0;0
naive-break_skip-820;0;0;0
naive-break_skip-821;0;0;0
naive-break_skip-822;0;0;0
naive-break_skip-823;0;0;0
naive-break_skip-824;0;0;0
naive-break_skip-825;45;0;24,43
naive-break_skip-826;99;0;2,25
naive-break_skip-827;0;0;0
naive-break_skip-828;0;0;0
naive-break_skip-829;0;0;0
naive-break_skip-830;0;0;0
naive-break_skip-831;0;0;0
naive-break_skip-832;0;0;0
naive-break_skip-833;0;0;0
naive-break_skip-834;0;0;0
naive-break_skip-835;0;0;0
naive-break_skip-836;0;0;0
naive-break_skip-837;0;0;0
naive-break_skip-838;0;0;0
naive-break_skip-839;0;0;0
naive-break_skip-840;0;0;0
naive-break_skip-841;0;0;0
naive-break_skip-842;0;0;0
naive-break_skip-843;0;0;0
naive-break_skip-844;0;0;0
naive-break_skip-845;0;0;0
naive-break_skip-846;99;0;11,2
naive-break_skip-847;0;0;0
naive-break_skip-848;0;0;0
naive-break_skip-849;0;0;0
naive-break_skip-850;0;0;0
naive-break_skip-851;35;0;11,88
naive-break_skip-852;0;0;0
naive-break_skip-853;0;0;0
naive-break_skip-854;0;0;0
naive-break_skip-855;0;0;0
naive-break_skip-856;16;0;11,88
naive-break_skip-857;35;0;3,69
naive-break_skip-858;0;0;0
naive-break_skip-859;65;0;22,95
naive-break_skip-860;76;1;82,16
naive-break_skip-861;0;0;0
naive-break_skip-862;0;0;0
naive-break_skip-863;37;0;12,4
naive-break_skip-864;99;0;3,46
naive-break_skip-865;0;0;0
naive-break_skip-866;56;1;109,15
naive-break_skip-867;0;0;0
naive-break_skip-868;99;0;3,69
naive-break_skip-869;69;0;3,69
naive-break_skip-870;62;3;202,73
naive-break_skip-871;36;0;8,19
naive-break_skip-872;0;0;0
naive-break_skip-873;59;0;16,09
naive-break_skip-874;41;0;25,5
naive-break_skip-875;0;0;0
naive-break_skip-876;69;0;43,54
naive-break_skip-877;44;0;11,88
naive-break_skip-878;81;0;28,78
naive-break_skip-879;82;5;315,61
naive-break_skip-880;65;2;157,29
naive-break_skip-881;78;15;1157,28
naive-break_skip-882;82;15;1134,78
naive-break_skip-883;99;12;860,300000000001
naive-break_skip-884;77;15;1174,93
naive-break_skip-885;74;13;913,540000000001
naive-break_skip-886;72;12;883,420000000001
naive-break_skip-887;76;13;961,830000000001
naive-break_skip-888;76;13;919,710000000001
naive-break_skip-889;79;14;998,510000000001
naive-break_skip-890;75;16;1183,25
naive-break_skip-891;68;7;469,19
naive-break_skip-892;77;10;580,57
naive-break_skip-893;66;8;533,17
naive-break_skip-894;66;7;406,33
naive-break_skip-895;78;7;421,17
naive-break_skip-896;71;8;443,25
naive-break_skip-897;76;5;286,99
naive-break_skip-898;71;4;263,16
naive-break_skip-899;71;4;250,67
naive-break_skip-900;71;4;255,92
naive-break_skip-901;55;0;43,31
naive-break_skip-902;43;2;119,3
naive-break_skip-903;65;3;198,55
naive-break_skip-904;64;2;110,98
naive-break_skip-905;63;4;236,74
naive-break_skip-906;62;5;295,73
naive-break_skip-907;56;1;103,04
naive-break_skip-908;80;6;330,24
naive-break_skip-909;63;7;457,82
naive-break_skip-910;59;2;174,71
naive-break_skip-911;64;2;118,74
naive-break_skip-912;58;1;94,09
naive-break_skip-913;63;2;120,35
naive-break_skip-914;55;1;69,7
naive-break_skip-915;28;0;15,09
naive-break_skip-916;60;2;123,45
naive-break_skip-917;36;0;13,03
naive-break_skip-918;35;0;35,16
naive-break_skip-919;56;2;157,7
naive-break_skip-920;48;0;44,33
naive-break_skip-921;35;0;3,69
naive-break_skip-922;59;1;82,14
naive-break_skip-923;52;0;18,04
naive-break_skip-924;0;0;0
naive-break_skip-925;55;1;94,08
naive-break_skip-926;35;0;6,39
naive-break_skip-927;46;1;77,77
naive-break_skip-928;0;0;0
naive-break_skip-929;19;0;2,31
naive-break_skip-930;56;0;22,68
naive-break_skip-931;0;0;0
naive-break_skip-932;42;0;11,96
naive-break_skip-933;0;0;0
naive-break_skip-934;0;0;0
naive-break_skip-935;0;0;0
naive-break_skip-936;48;0;5,90000000000001
naive-break_skip-937;0;0;0
naive-break_skip-938;63;0;11,34
naive-break_skip-939;48;0;2,25
naive-break_skip-940;0;0;0
naive-break_skip-941;0;0;0
naive-break_skip-942;0;0;0
naive-break_skip-943;0;0;0
naive-break_skip-944;0;0;0
naive-break_skip-945;0;0;0
naive-break_skip-946;0;0;0
naive-break_skip-947;0;0;0
naive-break_skip-948;0;0;0
naive-break_skip-949;0;0;0
naive-break_skip-950;0;0;0
naive-break_skip-951;0;0;0
naive-break_skip-952;0;0;0
naive-break_skip-953;0;0;0
naive-break_skip-954;0;0;0
naive-break_skip-955;0;0;0
naive-break_skip-956;0;0;0
naive-break_skip-957;0;0;0
naive-break_skip-958;0;0;0
naive-break_skip-959;0;0;0
naive-break_skip-960;1;0;8,19
naive-break_skip-961;76;0;3,69
naive-break_skip-962;0;0;0
naive-break_skip-963;0;0;0
naive-break_skip-964;48;0;20,59
naive-break_skip-965;91;0;3,69
naive-break_skip-966;0;0;0
naive-break_skip-967;0;0;0
naive-break_skip-968;90;0;11,88
naive-break_skip-969;0;0;0
naive-break_skip-970;0;0;0
naive-break_skip-971;0;0;0
naive-break_skip-972;0;0;0
naive-break_skip-973;0;0;0
naive-break_skip-974;0;0;0
naive-break_skip-975;0;0;0
naive-break_skip-976;59;3;188,39
naive-break_skip-977;61;0;7,38
naive-break_skip-978;0;0;0
naive-break_skip-979;0;0;0
naive-break_skip-980;0;0;0
naive-break_skip-981;41;0;45,89
naive-break_skip-982;69;1;87,82
naive-break_skip-983;59;0;11,88
naive-break_skip-984;47;0;12,4
naive-break_skip-985;56;0;29,2
naive-break_skip-986;54;0;3,69
naive-break_skip-987;87;1;58,2
naive-break_skip-988;43;0;8,19
naive-break_skip-989;0;0;0
naive-break_skip-990;79;0;12,4
naive-break_skip-991;73;13;965,600000000001
naive-break_skip-992;78;16;1206,16
naive-break_skip-993;79;16;1208,2
naive-break_skip-994;76;14;1068,69
naive-break_skip-995;78;15;1150,5
naive-break_skip-996;72;14;1101,75
naive-break_skip-997;73;15;1137,05
naive-break_skip-998;99;14;1076,67
naive-break_skip-999;78;14;996,970000000001
naive-break_skip-1000;77;15;1115,55
naive-break_skip-1001;99;4;302,47
naive-break_skip-1002;54;5;282,63
naive-break_skip-1003;76;9;603,049999999999
naive-break_skip-1004;69;6;395,09
naive-break_skip-1005;76;9;512,2
naive-break_skip-1006;68;5;275,2
naive-break_skip-1007;75;7;388,8
naive-break_skip-1008;75;7;451,81
naive-break_skip-1009;74;12;864,820000000001
naive-break_skip-1010;76;10;759,13
naive-break_skip-1011;73;8;448,06
naive-break_skip-1012;60;3;166,24
naive-break_skip-1013;59;3;171,9
naive-break_skip-1014;73;5;329,28
naive-break_skip-1015;41;2;131,72
naive-break_skip-1016;76;4;262,19
naive-break_skip-1017;53;1;59,26
naive-break_skip-1018;74;3;176,8
naive-break_skip-1019;67;2;126,25
naive-break_skip-1020;64;7;485,91
naive-break_skip-1021;42;1;57,12
naive-break_skip-1022;23;0;2,31
naive-break_skip-1023;46;1;95,48
naive-break_skip-1024;61;0;35,81
naive-break_skip-1025;60;1;86,93
naive-break_skip-1026;58;2;160,75
naive-break_skip-1027;0;0;0
naive-break_skip-1028;61;1;98,77
naive-break_skip-1029;53;3;176,87
naive-break_skip-1030;54;1;93,91
naive-break_skip-1031;56;0;7,77
naive-break_skip-1032;55;0;15,85
naive-break_skip-1033;61;0;37,2
naive-break_skip-1034;50;0;2,95
naive-break_skip-1035;36;0;4,31
naive-break_skip-1036;56;1;67,28
naive-break_skip-1037;70;0;40,14
naive-break_skip-1038;47;0;4,31
naive-break_skip-1039;39;0;12,39
naive-break_skip-1040;43;1;78
naive-break_skip-1041;0;0;0
naive-break_skip-1042;0;0;0
naive-break_skip-1043;0;0;0
naive-break_skip-1044;0;0;0
naive-break_skip-1045;12;0;2,95
naive-break_skip-1046;41;0;2,95
naive-break_skip-1047;0;0;0
naive-break_skip-1048;1;0;2,31
naive-break_skip-1049;0;0;0
naive-break_skip-1050;23;0;6
naive-break_skip-1051;0;0;0
naive-break_skip-1052;0;0;0
naive-break_skip-1053;0;0;0
naive-break_skip-1054;99;0;3,69
naive-break_skip-1055;0;0;0
naive-break_skip-1056;0;0;0
naive-break_skip-1057;0;0;0
naive-break_skip-1058;18;0;5,26000000000001
naive-break_skip-1059;0;0;0
naive-break_skip-1060;0;0;0
naive-break_skip-1061;0;0;0
naive-break_skip-1062;0;0;0
naive-break_skip-1063;0;0;0
naive-break_skip-1064;0;0;0
naive-break_skip-1065;0;0;0
naive-break_skip-1066;0;0;0
naive-break_skip-1067;0;0;0
naive-break_skip-1068;0;0;0
naive-break_skip-1069;0;0;0
naive-break_skip-1070;0;0;0
naive-break_skip-1071;0;0;0
naive-break_skip-1072;0;0;0
naive-break_skip-1073;0;0;0
naive-break_skip-1074;0;0;0
naive-break_skip-1075;0;0;0
naive-break_skip-1076;0;0;0
naive-break_skip-1077;0;0;0
naive-break_skip-1078;0;0;0
naive-break_skip-1079;0;0;0
naive-break_skip-1080;0;0;0
naive-break_skip-1081;0;0;0
naive-break_skip-1082;0;0;0
naive-break_skip-1083;0;0;0
naive-break_skip-1084;0;0;0
naive-break_skip-1085;0;0;0
naive-break_skip-1086;0;0;0
naive-break_skip-1087;99;0;7,89
naive-break_skip-1088;0;0;0
naive-break_skip-1089;0;0;0
naive-break_skip-1090;0;0;0
naive-break_skip-1091;0;0;0
naive-break_skip-1092;56;0;3,69
naive-break_skip-1093;53;0;12,4
naive-break_skip-1094;0;0;0
naive-break_skip-1095;37;0;8,19
naive-break_skip-1096;0;0;0
naive-break_skip-1097;99;0;15,53
naive-break_skip-1098;0;0;0
naive-break_skip-1099;0;0;0
naive-break_skip-1100;0;0;0
naive-break_skip-1101;75;13;931,710000000001
naive-break_skip-1102;79;15;1158,5
naive-break_skip-1103;73;15;1119,64
naive-break_skip-1104;78;15;1113,11
naive-break_skip-1105;73;15;1127,95
naive-break_skip-1106;74;14;1100,01
naive-break_skip-1107;99;14;1059,28
naive-break_skip-1108;74;14;1089,36
naive-break_skip-1109;79;15;1154,72
naive-break_skip-1110;75;14;1048,59
naive-break_skip-1111;75;11;686,3
naive-break_skip-1112;65;6;429,1
naive-break_skip-1113;73;11;713,45
naive-break_skip-1114;71;6;375,2
naive-break_skip-1115;71;5;292,37
naive-break_skip-1116;71;7;396,71
naive-break_skip-1117;65;6;358,73
naive-break_skip-1118;72;8;526,239999999999
naive-break_skip-1119;72;4;274,39
naive-break_skip-1120;73;8;471,76
naive-break_skip-1121;53;2;162,84
naive-break_skip-1122;58;0;46,37
naive-break_skip-1123;57;4;305,91
naive-break_skip-1124;72;4;235,01
naive-break_skip-1125;70;4;279,76
naive-break_skip-1126;58;6;423,7
naive-break_skip-1127;70;2;140,51
naive-break_skip-1128;51;1;110,02
naive-break_skip-1129;99;2;151,09
naive-break_skip-1130;52;3;249,36
naive-break_skip-1131;45;0;15,73
naive-break_skip-1132;54;1;77,15
naive-break_skip-1133;51;1;90,37
naive-break_skip-1134;43;1;87
naive-break_skip-1135;65;1;107,18
naive-break_skip-1136;59;1;100,87
naive-break_skip-1137;53;0;5,26000000000001
naive-break_skip-1138;61;2;123,67
naive-break_skip-1139;24;0;16,47
naive-break_skip-1140;51;1;65,72
naive-break_skip-1141;9;0;9,01000000000001
naive-break_skip-1142;50;1;57,98
naive-break_skip-1143;99;1;106,18
naive-break_skip-1144;61;0;18,78
naive-break_skip-1145;55;0;50,42
naive-break_skip-1146;37;0;10,95
naive-break_skip-1147;63;0;38,53
naive-break_skip-1148;63;1;105,64
naive-break_skip-1149;63;1;82,88
naive-break_skip-1150;61;1;63,12
naive-break_skip-1151;37;0;13,54
naive-break_skip-1152;38;0;15,09
naive-break_skip-1153;0;0;0
naive-break_skip-1154;36;0;6,64
naive-break_skip-1155;0;0;0
naive-break_skip-1156;0;0;0
naive-break_skip-1157;0;0;0
naive-break_skip-1158;0;0;0
naive-break_skip-1159;3;0;2,95
naive-break_skip-1160;13;0;5,26000000000001
naive-break_skip-1161;0;0;0
naive-break_skip-1162;99;0;7,96
naive-break_skip-1163;0;0;0
naive-break_skip-1164;0;0;0
naive-break_skip-1165;0;0;0
naive-break_skip-1166;0;0;0
naive-break_skip-1167;0;0;0
naive-break_skip-1168;0;0;0
naive-break_skip-1169;0;0;0
naive-break_skip-1170;99;0;11,14
naive-break_skip-1171;99;0;16,57
naive-break_skip-1172;0;0;0
naive-break_skip-1173;0;0;0
naive-break_skip-1174;0;0;0
naive-break_skip-1175;0;0;0
naive-break_skip-1176;0;0;0
naive-break_skip-1177;0;0;0
naive-break_skip-1178;99;0;12,4
naive-break_skip-1179;0;0;0
naive-break_skip-1180;0;0;0
naive-break_skip-1181;0;0;0
naive-break_skip-1182;99;0;16,57
naive-break_skip-1183;0;0;0
naive-break_skip-1184;0;0;0
naive-break_skip-1185;0;0;0
naive-break_skip-1186;0;0;0
naive-break_skip-1187;0;0;0
naive-break_skip-1188;0;0;0
naive-break_skip-1189;0;0;0
naive-break_skip-1190;0;0;0
naive-break_skip-1191;0;0;0
naive-break_skip-1192;0;0;0
naive-break_skip-1193;0;0;0
naive-break_skip-1194;0;0;0
naive-break_skip-1195;0;0;0
naive-break_skip-1196;0;0;0
naive-break_skip-1197;0;0;0
naive-break_skip-1198;0;0;0
naive-break_skip-1199;0;0;0
naive-break_skip-1200;0;0;0
